Name,Term,ES,NES,NOM p-val,FDR q-val,FWER p-val,Tag %,Gene %,Lead_genes
prerank,Pancreas Beta Cells,0.8662301534272505,2.075796318934291,0.0,0.0,0.0,26/39,8.33%,INS;GCG;FOXO1;PDX1;SST;DPP4;IAPP;VDR;SLC2A2;GCK;HNF1A;NEUROG3;PCSK2;FOXA2;PAX6;PCSK1;NEUROD1;ISL1;ABCC8;PAX4;NKX6-1;STXBP1;CHGA;NKX2-2;AKT3;G6PC2
prerank,Allograft Rejection,0.8064263462113006,2.0497322493910137,0.0,0.0,0.0,108/198,9.11%,AKT1;TNF;TGFB1;IFNG;IL6;IL1B;CD4;CD8A;HIF1A;IL10;IL2;IL4;EGFR;NLRP3;MMP9;CCL2;TLR2;NOS2;IL12B;JAK2;STAT1;F2;ICAM1;CD28;IL18;CD40;IL13;IL2RA;HLA-A;BRCA1;FAS;IL15;CD40LG;CD86;CDKN2A;TLR3;CD80;CD79A;B2M;EREG;PTPRC;PRKCG;HLA-G;TRAF2;CCL5;CD247;TGFB2;MAP3K7;IKBKB;CCR5;IRF7;FASLG;SOCS1;HLA-DQA1;GZMB;IL7;CD2;IL2RB;CCR2;RIPK2;TIMP1;CD1D;LIF;IFNAR2;CXCR3;HLA-E;ITGAL;IL9;IL2RG;CSF1;STAT4;ACVR2A;LCK;CD3E;TAPBP;CCND2;IL4R;KLRD1;HDAC9;CCL4;PRKCB;F2R;CXCL9;IRF4;SPI1;ACHE;TAP1;TAP2;MBL2;LYN;ZAP70;BCL10;PTPN6;ITGB2;CCND3;TLR6;TLR1;CD74;ETS1;THY1;INHBA;CD47;CCL22;NPM1;CARTPT;WAS;IL11;CCL11
prerank,PI3K/AKT/mTOR  Signaling,0.8111128423483315,2.024739443579641,0.0,0.0,0.0,55/104,7.53%,AKT1;MAPK1;MAPK8;IL4;EGFR;GSK3B;PRKAA2;PTEN;CDKN1A;PTPN11;CDK2;SMAD2;SLC2A1;MYD88;RAC1;CDK4;NGF;CDKN1B;CXCR4;TSC2;RAF1;GRB2;CDK1;E2F1;SQSTM1;PDK1;HRAS;TBK1;TRAF2;MAPK9;MAP3K7;GRK2;FASLG;RIPK1;TNFRSF1A;DDIT3;ACTR2;ACTR3;STAT2;NOD1;IL2RG;TRIB3;EIF4E;ACACA;LCK;PRKCB;PLCG1;PIN1;CALR;RPTOR;CFL1;ARF1;IRAK4;PAK4;CSNK2B
prerank,Apoptosis,0.7930739529016826,2.009392791105831,0.0,0.0,0.0,81/161,6.47%,TNF;IL6;IL1B;CTNNB1;APP;CASP3;ERBB2;IFNB1;BAX;CCND1;CAV1;MMP2;CDKN1A;JUN;IL1A;BMP2;RELA;F2;IL18;PTK2;HMOX1;CDK2;BRCA1;BCL2L1;TNFSF10;CASP8;FAS;CD44;CASP9;CASP1;HGF;SOD1;CDKN1B;LGALS3;CD14;SOD2;TXNIP;EREG;PLAT;SQSTM1;PSEN1;TGFB2;ERBB3;FASLG;SMAD7;IRF1;CD38;BCL2L11;DNM1L;BID;CD2;DDIT3;CREBBP;MCL1;XIAP;PAK1;DCN;TIMP1;LMNA;CASP7;PDGFRB;BGN;TOP2A;IGF2R;CASP2;TIMP2;CLU;CCND2;CD69;ROCK1;CFLAR;F2R;DIABLO;RNASEL;TAP1;BIRC3;ATF3;HSPB1;GPX4;PDCD4;BCL10
prerank,IL-6/JAK/STAT3 Signaling,0.7986212854841624,1.9602765987947397,0.0,0.0,0.0,50/87,8.98%,TNF;TGFB1;IL6;IL1B;STAT3;TLR2;JUN;STAT1;PTPN11;HMOX1;IL2RA;MYD88;CSF2;PTPN1;FAS;CD44;SOCS3;CXCL10;CD14;GRB2;LEPR;IFNAR1;TYK2;A2M;BAK1;SOCS1;INHBE;IRF1;CD38;TNFRSF1A;IL7;IL6ST;TNFRSF1B;STAT2;ACVRL1;CBL;IL2RG;CSF1;IL4R;CXCL9;PTPN2;ACVR1B;IL17RB;IL1R1;IL10RB;IL17RA;CXCL1;MAP3K8;IRF9;PIM1
prerank,TNF-alpha Signaling via NF-kB,0.7508746577426245,1.9157256090214083,0.0,0.0,0.0,99/199,11.02%,TNF;NFKB1;IL6;IL1B;VEGFA;NFE2L2;MYC;CCL2;CCND1;TLR2;CDKN1A;JUN;IL12B;SMAD3;SERPINE1;IL1A;BMP2;RELA;ICAM1;EDN1;IL18;FOS;IRS2;PTGS2;CSF2;STAT5A;CD44;SOCS3;NFKBIA;CXCL10;LDLR;SOD2;CD80;IL23A;NAMPT;CEBPB;JUNB;ABCA1;SQSTM1;CCL5;EGR1;F3;IFIH1;IRF1;PLAU;DUSP1;IL6ST;MCL1;NR4A1;ID2;SGK1;RIPK2;LIF;SPHK1;F2RL1;TNFAIP3;CD83;CSF1;KLF4;IL7R;BCL6;TNFRSF9;CD69;CFLAR;OLR1;PFKFB3;CCL4;PLAUR;KLF2;JAG1;HES1;AREG;TAP1;BIRC3;ATF3;CCL20;HBEGF;DUSP4;BIRC2;BCL2A1;CXCL1;NR4A2;INHBA;MAP3K8;SERPINB2;PTGER4;MXD1;PTX3;FOSB;CEBPD;GADD45A;CCN1;FUT4;MAP2K3;REL;CXCL2;TRAF1;SDC4;NFAT5
prerank,TGF-beta Signaling,0.792676283170453,1.901631496340868,0.0,0.0,0.0,31/54,10.36%,TGFB1;CTNNB1;CDH1;SMAD3;SERPINE1;BMP2;RHOA;JUNB;SMAD1;MAP3K7;ID1;SMAD7;TGFBR1;APC;ID2;HDAC1;XIAP;BMPR2;TJP1;ACVR1;THBS1;ENG;BMPR1A;NOG;FURIN;ID3;SMAD6;HIPK2;CDKN1C;SMURF1;SMURF2
prerank,Inflammatory Response,0.7346513876410584,1.8690273580082644,0.0,0.0,0.0,100/200,11.47%,NFKB1;IL6;IL1B;HIF1A;IL10;MYC;NLRP3;CCL2;TLR2;CXCL8;CDKN1A;IL12B;SERPINE1;IL1A;RELA;ICAM1;EDN1;IL18;CD40;TNFSF10;EIF2AK2;IL15;NFKBIA;CXCL10;LDLR;CD14;NOD2;RAF1;TLR3;CALCRL;CYBB;NAMPT;EREG;ABCA1;PSEN1;IFNAR1;CCL5;VIP;AHR;ADM;IRF7;F3;IRF1;IL2RB;TNFRSF1B;RIPK2;TIMP1;MMP14;LIF;CSF3;SPHK1;CSF1;ACVR2A;SELE;LCK;CD55;TAPBP;IL4R;IL7R;MET;TNFRSF9;CD69;OLR1;PLAUR;CXCL9;CX3CL1;CCR7;AXL;ACVR1B;CXCR6;IL1R1;ATP2A2;LYN;SLC11A2;MEFV;CCL20;HBEGF;C5AR1;HAS2;P2RX7;LTA;SELL;TLR1;GP1BA;INHBA;CCL22;PROK2;BST2;PTGER4;MXD1;ROS1;RHOG;NDP;SLAMF1;CCL17;SLC1A2;BDKRB1;EBI3;CD70;PTGER2
prerank,Interferon Gamma Response,0.730693198580331,1.8633389971368124,0.0,0.0,0.0,91/197,12.12%,NFKB1;IL6;HIF1A;STAT3;CASP3;CCL2;CDKN1A;CD274;JAK2;STAT1;ICAM1;CD40;PTGS2;HLA-A;MYD88;TNFSF10;PTPN1;CASP8;IDO1;FAS;EIF2AK2;SOCS3;CASP1;IL15;NFKBIA;CXCL10;CD86;VCAM1;SOD2;TXNIP;HLA-B;NAMPT;B2M;HLA-G;CCL5;HLA-DRB1;IRF7;IFIH1;KLRK1;SOCS1;RIPK1;HLA-DQA1;IRF1;CD38;IL7;IL2RB;STAT2;RIPK2;NOD1;CASP7;IFNAR2;CFH;TNFAIP3;ISG15;STAT4;DHX58;TAPBP;IL4R;CD69;SERPING1;CXCL9;IRF4;PTPN2;PLA2G4A;TAP1;CIITA;MX1;ADAR;PTPN6;IRF5;CD74;SELP;SSPN;USP18;BST2;IRF9;PIM1;CASP4;C1R;IRF2;LATS2;TRIM21;C1S;FGL2;ZBP1;PML;AUTS2;IRF8;IFIT1;PSMB9;TRIM25
prerank,Wnt-beta Catenin Signaling,0.762228677030412,1.8313202733859144,0.0,0.0,0.0,22/42,10.08%,TP53;CTNNB1;MYC;PPARD;NOTCH1;SKP2;DKK1;ADAM17;CUL1;AXIN1;HDAC2;CCND2;GNAI1;NCSTN;JAG1;PSEN2;PTCH1;AXIN2;WNT1;DVL2;LEF1;HDAC5
prerank,Notch Signaling,0.76667775991871,1.7926998473502986,0.0,9.091818272736365e-05,0.001,17/32,6.89%,CCND1;PPARD;NOTCH1;PRKCA;ARRB1;WNT2;TCF7L2;WNT5A;CUL1;SKP1;APH1A;RBX1;JAG1;HES1;PSENEN;NOTCH2;PSEN2
prerank,Complement,0.6982692350310757,1.7779203742599177,0.0,8.334166750008335e-05,0.001,89/196,10.97%,IL6;CASP3;FN1;JAK2;SRC;SERPINE1;F2;DPP4;CASP9;CASP1;HNF4A;PLG;LGALS3;CD40LG;RAF1;GRB2;HSPA5;CALM1;PIK3CA;CEBPB;PCSK9;STX4;PLAT;SIRT6;CA2;PSEN1;PRKCD;CCL5;ITGAM;IRF7;F3;ZEB1;IRF1;GZMB;MMP13;LRP1;GATA3;TIMP1;FYN;MMP14;CASP7;HSPA1A;C3;SERPINA1;CFH;ANG;TNFAIP3;F10;SERPINC1;PIK3CG;TIMP2;CLU;LCK;CD55;CTSB;CTSD;SERPING1;OLR1;APOA4;PLAUR;F8;C1QA;PLA2G4A;DUSP6;F7;LYN;CDK5R1;F5;GP1BA;CXCL1;PLA2G7;SERPINB2;CR2;PDP1;PIM1;WAS;ANXA5;S100A9;CR1;CASP4;C1R;IRF2;TMPRSS6;FCER1G;LAMP2;RHOG;KLK1;KCNIP3;C1S
prerank,Coagulation,0.6912462596001898,1.7336715107195633,0.0,0.00015386154000015387,0.002,81/136,19.09%,MMP9;FN1;MMP2;SERPINE1;F2;DPP4;APOA1;RAC1;CASP9;HNF4A;PLG;BMP1;PLAT;SIRT2;VWF;A2M;FBN1;F3;TF;APOC3;PLAU;LRP1;TIMP1;FYN;MMP14;PECAM1;MMP3;C3;SERPINA1;CFH;THBD;ANG;PROC;THBS1;F10;SERPINC1;MMP1;MST1;CLU;RAPGEF3;CTSB;SERPING1;OLR1;MASP2;F8;C1QA;DUSP6;MBL2;F12;FURIN;GP1BA;SERPINB2;MMP7;TIMP3;C1R;TMPRSS6;LAMP2;CAPN2;APOC2;C1S;ANXA1;APOC1;F9;ITGA2;PDGFB;CPB2;CD9;ITGB3;KLKB1;CFI;SPARC;LGMN;HTRA1;HMGCS2;CTSK;PEF1;CPN1;TFPI2;PLEK;DCT;CFD
prerank,Epithelial Mesenchymal Transition,0.6827447086928484,1.7294562413615062,0.0,0.0002143071450002143,0.003,96/198,15.36%,TGFB1;IL6;VEGFA;CXCL8;FN1;MMP2;JUN;FGF2;SERPINE1;BDNF;IGFBP3;FAS;CD44;GJA1;CCN2;VIM;IL15;BMP1;VCAM1;ITGB1;CXCL12;CDH2;SPP1;DKK1;IGFBP2;FBN1;TGM2;LGALS1;LRP1;WNT5A;ID2;TNFRSF11B;SNAI2;DCN;TIMP1;MMP14;MMP3;PDGFRB;DAB2;BGN;TNFAIP3;THBS1;FERMT2;MMP1;PTHLH;COL1A1;PLAUR;ELN;AREG;ACTA2;SGCD;IGFBP4;NOTCH2;FBN2;P3H1;THY1;CXCL1;POSTN;SGCB;INHBA;COL1A2;SDC1;TIMP3;SLIT2;FSTL1;NT5E;PTX3;VEGFC;SGCG;IL32;GADD45A;LOX;CCN1;SDC4;MCM7;TGFBR3;GREM1;FSTL3;ENO2;THBS2;ITGA2;PRSS2;COL3A1;ITGAV;TAGLN;TNC;FLNA;VCAN;FOXC2;MGP;ITGB3;CD59;ECM1;PPIB;ANPEP;SNTB1
prerank,IL-2/STAT5 Signaling,0.6800500337123513,1.7253016523992422,0.0,0.00020002000200020003,0.003,89/193,15.25%,BCL2;CASP3;IL10;MYC;IGF1R;AGER;BMP2;IL13;IL2RA;CSF2;BCL2L1;TNFSF10;CD44;CXCL10;CD86;TNFSF11;HK2;TLR7;CTLA4;MUC1;SPP1;CA2;AHR;SOCS1;TGM2;XBP1;IL2RB;TNFRSF1B;ABCB1;BMPR2;LIF;ICOS;CD83;CSF1;IGF2R;IL1RL1;SERPINC1;SOCS2;CCND2;IL4R;TNFRSF9;TNFRSF8;IRF4;MAPKAPK2;CD81;NRP1;CCR4;GPX4;ITGAE;TNFRSF4;GATA1;PLIN2;FLT3LG;PRNP;PTCH1;FURIN;CCND3;SELL;MAP3K8;SELP;ODC1;CDC6;CISH;MXD1;HIPK2;PIM1;NT5E;CDKN1C;NDRG1;PTH1R;TRAF1;FGL2;SLC2A3;PTGER2;CCNE1;IRF8;PLAGL1;IFNGR1;CYFIP1;CD48;IL1R2;RORA;ITGAV;CAPN3;CKAP4;EOMES;ECM1;HUWE1;ENPP1
prerank,Apical Surface,0.7143529739059438,1.7062142953204305,0.0,0.00018751875187518753,0.003,15/43,7.75%,APP;SLC2A4;GHRL;BRCA1;PCSK9;IL2RB;GATA3;ADIPOR2;IL2RG;PLAUR;CX3CL1;HSPB1;LYN;ADAM10;THY1
prerank,Angiogenesis,0.7237833947403812,1.703073438207859,0.001,0.00017648823705900002,0.003,21/36,14.73%,APP;VEGFA;PTK2;LPL;SPP1;APOH;FGFR1;TIMP1;THBD;CCND2;OLR1;JAG1;VTN;NRP1;POSTN;FSTL1;LRPAP1;KCNJ8;COL3A1;ITGAV;VCAN
prerank,UV Response Dn,0.6751991026649573,1.6980464827239514,0.0,0.00027780555833361117,0.005,54/144,11.32%,NFKB1;PPARG;MAPK14;ERBB2;IRS1;MYC;IGF1R;CAV1;PTEN;SMAD3;SERPINE1;BDNF;GJA1;CDKN1B;LDLR;PRKCA;RXRA;NR3C1;F3;ID1;SMAD7;DUSP1;TGFBR2;PIK3CD;KIT;SNAI2;FYN;TJP1;IGFBP5;PRKCE;PDGFRB;DAB2;ANXA2;BMPR1A;ACVR2A;COL1A1;DYRK1A;MET;NRP1;NOTCH2;HAS2;RUNX1;AKT3;LTBP1;DBP;COL1A2;PEX14;TFPI;VLDLR;CCN1;FHL2;SPOP;TGFBR3;ATXN1
prerank,p53 Pathway,0.6579392712736206,1.677187689842446,0.0,0.0003158210557897895,0.006,66/194,12.64%,TGFB1;TP53;APP;BAX;CDKN1A;JUN;IL1A;BMP2;MDM2;HMOX1;FOS;FOXO3;PRKAB1;VDR;RB1;FAS;CASP1;CDKN2A;NOTCH1;TXNIP;PCNA;CEBPA;HRAS;RXRA;BAK1;SOCS1;DDIT3;LIF;SPHK1;IRAK1;KLF4;TRIB3;CCND2;RAD51C;EPHA2;HDAC3;CTSD;TGFA;F2R;FBXW7;CDKN2B;ACVR1B;CD81;TAP1;ATF3;APAF1;ADA;HBEGF;RACK1;CCND3;CDK5R1;TP63;SDC1;MXD1;DDIT4;SLC7A11;NDRG1;GADD45A;PIDD1;SLC3A2;PPM1D;HEXIM1;COQ8A;BTG2;CD82;PVT1
prerank,KRAS Signaling Up,0.657679832390205,1.6724234607343358,0.0,0.0003000300030003,0.006,78/192,12.54%,IL1B;MMP9;IGF2;BMP2;PTGS2;IGFBP3;CSF2;RETN;IL33;NGF;CXCL10;CXCR4;AKT2;ACE;EREG;PLAT;SPP1;CA2;PLAU;NR1H4;SOX9;RBP4;TNFRSF1B;ADAM17;ID2;HSD11B1;ABCB1;USH1C;NR0B2;LIF;PECAM1;F2RL1;CFH;CBL;TNFAIP3;LY96;IL2RG;ANGPTL4;KLF4;ENG;SNAP25;CCND2;IL7R;EPHB2;HDAC9;TLR8;PDCD1LG2;PLAUR;BIRC3;DUSP6;NRP1;MAP3K1;ITGB2;ARG1;MYCN;CCL20;HBEGF;RELN;ETS1;PRDM1;INHBA;CPE;TFPI;SCG5;IKZF1;MAFB;FCER1G;KCNN4;BTC;F13A1;TRAF1;SPRY2;IRF8;FLT4;SERPINA3;ANO1;ATG10;CFHR2
prerank,Hypoxia,0.6514520342656394,1.6545232535241607,0.0,0.00047623810000047625,0.01,92/199,18.79%,IL6;VEGFA;BCL2;EGFR;PPARGC1A;CAV1;CDKN1A;JUN;SERPINE1;HMOX1;FOS;IRS2;FOXO3;SLC2A1;IGFBP3;CCN2;CDKN1B;CXCR4;GCK;HK2;HSPA5;PRKCA;PDK1;PCK1;ADM;NR3C1;F3;IGFBP1;TGM2;DUSP1;VHL;DDIT3;LDHA;DCN;MIF;ANXA2;BGN;TNFAIP3;ANGPTL4;GAPDH;PFKFB3;PLAUR;PGF;ATF3;SCARB1;MAP3K1;PLIN2;HK1;NEDD4L;ETS1;STC2;TPST2;PGK1;PIM1;TGFB3;DDIT4;CDKN1C;NDRG1;ENO1;IDS;VLDLR;LOX;CCN1;SDC4;SLC2A3;ENO2;FBP1;MT2A;RORA;SDC2;AK4;PDGFB;PRDX5;ADORA2B;CP;ERO1A;GPI;INHA;KLF6;ZFP36;NCAN;CITED2;HEXA;ACKR3;CASP6;GPC3;STC1;S100A4;SLC2A5;CAVIN1;MYH9;PAM
prerank,Hedgehog Signaling,0.7106236778873876,1.65371718832638,0.001,0.0005000500050005,0.011,19/36,11.51%,VEGFA;PLG;SHH;CDK6;NF1;GLI1;NKX6-1;ACHE;NRP1;RASA1;CRMP1;PTCH1;CDK5R1;THY1;NRP2;VLDLR;LDB1;CNTFR;PML
prerank,UV Response Up,0.6455011744534369,1.637359269071065,0.0,0.0006957217460876522,0.016,66/156,15.60%,IL6;CASP3;GGH;BMP2;ICAM1;HMOX1;CDK2;FOS;NFKBIA;CCK;SOD2;RET;JUNB;SQSTM1;CA2;PRKCD;IGFBP2;BAK1;IRF1;BCL2L11;BID;IL6ST;NR4A1;PRKACA;ABCB1;MMP14;TFRC;DLG4;KCNH2;BSG;CDKN2B;TAP1;RAB27A;ATF3;LYN;FURIN;CCND3;H2AX;AGO2;NTRK3;GAL;COL2A1;EIF5;FOSB;NKX2-5;CDKN1C;GLS;APOM;DGAT1;CXCL2;CYP1A1;ARRB2;CCNE1;ENO2;TACR3;MAOA;BTG2;EPCAM;EIF2S3;AQP3;PARP2;GCH1;RASGRP1;NXF1;STIP1;GPX3
prerank,Apical Junction,0.6155979171927037,1.5695375036756951,0.0,0.001791845851251792,0.043,49/197,8.04%,MAPK14;EGFR;IRS1;MMP9;CDH1;PTEN;MMP2;CD274;SRC;ICAM1;PTK2;BMP1;CD86;VCAM1;PKD1;WNK4;AKT2;CD34;STX4;PTPRC;ITGB1;SHC1;HRAS;SYK;VWF;NF1;AMH;FBN1;MDK;NF2;TSC1;TNFRSF11B;TJP1;PECAM1;ACTA1;CD209;INPPL1;GNAI1;IKBKG;KCNH2;CX3CL1;WASL;PLCG1;RASA1;DMP1;PIK3CB;AKT3;THY1;PARVA
prerank,G2-M Checkpoint,0.6119790183781921,1.5593768277011149,0.0,0.0019601960196019602,0.049,112/199,24.84%,TGFB1;HIF1A;MAPK14;MYC;CCND1;EGF;SMAD3;EZH2;CDK4;CDKN1B;CDK1;E2F1;ABL1;BRCA2;DMD;CCNA2;CUL3;WRN;PLK1;CUL1;CHEK1;TOP2A;CUL5;AURKA;CDC45;EWSR1;HUS1;CDC25A;DBF4;NOTCH2;CDC20;MAD2L1;HMGA1;CUL4A;MCM6;H2AX;MCM2;SS18;BARD1;MCM5;SLC7A5;CDC7;ODC1;CDC6;RBL1;AURKB;E2F4;PTTG1;PAFAH1B1;DR1;DKC1;LBR;HSPA8;CTCF;MCM3;MNAT1;RPA2;CCNT1;TOP1;BUB1;PRMT5;NEK2;PML;HIRA;TFDP1;FANCC;CDKN3;MT2A;E2F2;BIRC5;BCL3;SRSF1;ESPL1;RAD23B;CDC25B;G3BP1;LMNB1;KPNA2;UBE2C;SLC12A2;KIF15;NCL;STMN1;MKI67;TPX2;SLC7A1;KNL1;EXO1;UPF1;NOLC1;MYBL2;CDKN2C;CKS2;XPO1;E2F3;BUB3;ODF2;H2AZ1;ATRX;RAD21;PLK4;KMT5A;CHMP1A;NDC80;TTK;RPS6KA5;KIF11;CENPA;HNRNPD;CCNB2;NSD2;PDS5B
prerank,Xenobiotic Metabolism,0.602950476938066,1.5420013013834641,0.0,0.002654111565002654,0.066,84/195,20.36%,IGF1;CRP;ESR1;APOE;SERPINE1;HMOX1;FAS;CAT;PINK1;HNF4A;PPARD;PLG;CA2;TGFB2;TAT;ITIH4;IGFBP1;IDH1;TNFRSF1A;GCKR;LCAT;RBP4;ID2;PDK4;HSD11B1;ANGPTL3;ALDH2;NQO1;F10;CYP17A1;EPHA2;NDRG2;TYR;VTN;IL1R1;GAD1;ATP2A2;MBL2;IGFBP4;NFS1;ARG1;BCAR1;AP4B1;SPINT2;NPC1;FABP1;POR;HGFAC;PTGDS;CYP1A1;CYP2E1;IRF8;CYP27A1;MAOA;FBP1;GCLC;MT2A;CD36;PMM1;GCH1;DHPS;ENPEP;AKR1C3;LEAP2;XDH;COMT;CYP1A2;ARG2;GSR;ACP1;GABARAPL1;AOX1;LPIN2;CASP6;PC;ADH1C;FBLN1;PTGES;ETS2;ARPP19;ABCC2;SLC1A5;F11;PTGES3
prerank,Cholesterol Homeostasis,0.6177173783081502,1.5194705353262201,0.001,0.003222544476669889,0.081,15/74,6.54%,CTNNB1;PPARG;LPL;LGALS3;LDLR;FASN;SREBF2;TRIB3;CLU;GNAI1;PLAUR;JAG1;HMGCR;ATF3;SCD
prerank,Unfolded Protein Response,0.6081188580830912,1.5128954052023498,0.0,0.003321760747503322,0.087,48/106,18.31%,VEGFA;CCL2;HSPA5;CEBPB;EIF2AK3;SHC1;ATF4;IGFBP1;ERN1;XBP1;EIF4EBP1;EIF4E;IARS1;WFS1;ATF6;CALR;ATF3;FUS;H2AX;SLC7A5;DCP2;NPM1;STC2;DDIT4;EIF4G1;EIF2S1;BAG3;BANF1;DKC1;PARN;SLC30A5;NHP2;SSR1;YWHAZ;IFIT1;HSP90B1;HSPA9;EIF4A2;SEC31A;EDEM1;SLC1A4;EEF2;YIF1A;ERO1A;EIF4A1;SRPRA;GOSR2;EXOSC5
prerank,Reactive Oxygen Species Pathway,0.6230945104673622,1.49238005930389,0.005,0.004138344868969656,0.113,26/49,21.83%,PTPA;CAT;SOD1;SOD2;JUNB;TXN;MBP;NQO1;G6PD;GPX4;PRNP;MPO;HHEX;PRDX2;ERCC2;PRDX6;GCLC;PRDX1;GPX3;GSR;CDKN2D;GCLM;NDUFS2;EGLN2;GLRX;IPCEF1
prerank,Interferon Alpha Response,0.5946185730747309,1.4905070802887406,0.002,0.004100410041004101,0.115,33/97,12.12%,CASP8;EIF2AK2;HLA-C;CASP1;IL15;CXCL10;TXNIP;B2M;IRF7;IFIH1;IRF1;IL7;STAT2;RIPK2;ISG15;CSF1;DHX58;IL4R;TAP1;MX1;ADAR;SELL;CD74;CD47;USP18;BST2;IRF9;IRF2;TRIM21;OAS1;C1S;PSMB9;TRIM25
prerank,Myogenesis,0.5813739973312512,1.4809280992463303,0.0,0.004677887143553065,0.136,89/197,22.61%,TGFB1;IGF1;APP;CDKN1A;FGF2;IGFBP3;RB1;TSC2;NOTCH1;AKT2;ITGB1;SIRT2;DMD;ERBB3;SPHK1;AGRN;NOS1;MYOG;NQO1;FST;ACTA1;NCAM1;RYR1;CLU;BDKRB2;CAV3;COL1A1;SH2B1;KCNH2;SGCA;ACHE;SGCD;LPIN1;SCD;PSEN2;DES;PRNP;HBEGF;MEF2A;KLF5;SSPN;MEF2C;STC2;MYOM1;CRYAB;GJA5;DMPK;PDLIM7;SGCG;HDAC5;FOXO4;FKBP1B;IGFBP7;CTF1;EIF4A2;APLNR;PVALB;CD36;COL3A1;TAGLN;GNAO1;CAMK2B;GPX3;BAG1;SPARC;SOD3;PICK1;PC;CASQ2;MYH7;MYH9;HSPB2;CASQ1;CFD;SCHIP1;ACTN2;LAMA2;TEAD4;MYLK;ACSL1;TNNC1;SPEG;WWTR1;ADAM12;CHRNG;IFRD1;MRAS;APOD;MEF2D
prerank,E2F Targets,0.5730928821179012,1.4541075770570016,0.0,0.00625062506250625,0.186,93/198,22.55%,TP53;MYC;CDKN1A;EZH2;BRCA1;CDK4;CDKN1B;CDKN2A;CDK1;PCNA;BRCA2;DNMT1;CHEK2;RPA1;PLK1;CHEK1;TFRC;TOP2A;MCM4;RAD1;RAD51C;AURKA;MRE11;PRKDC;HUS1;CDC25A;NBN;PSMC3IP;CDC20;MAD2L1;HMGA1;MSH2;RAD50;MCM6;PMS2;H2AX;MCM2;MLH1;BARD1;MCM5;AURKB;PTTG1;SMC6;EIF2S1;LBR;CTCF;MCM3;BUB1B;RAN;RPA2;RANBP1;PPM1D;MCM7;WEE1;CCNE1;XRCC6;CDKN3;BIRC5;SRSF1;ESPL1;ZW10;SLBP;TBRG4;CDC25B;POLD1;NUP107;LMNB1;KPNA2;CCP110;DEK;SPC25;EED;STMN1;MKI67;TUBB;SMC3;DIAPH3;RRM2;NOLC1;PAN2;RNASEH2A;MYBL2;CDKN2C;CKS2;SPAG5;SPC24;XPO1;NME1;MELK;H2AZ1;RAD21;EXOSC8;PLK4
prerank,Bile Acid Metabolism,0.5796501960678163,1.4474232913593506,0.003,0.006485497034551939,0.198,44/109,18.60%,AR;APOA1;CAT;SOD1;ABCA1;RXRA;IDH1;NR1H4;LIPE;NR0B2;PEX6;KLF1;LCK;BMP6;PEX1;NR3C2;PEX26;OPTN;NR1I2;NEDD4;HSD3B1;TTR;CYP7A1;IDH2;NPC1;ALDH1A1;GC;GSTK1;FADS2;PEX19;DIO2;ATXN1;ABCG4;CYP27A1;FADS1;AGXT;PEX12;PRDX5;PEX16;CYP7B1;ACSL5;PHYH;EPHX2;PEX7
prerank,KRAS Signaling Dn,0.5626019979076559,1.4361038464290898,0.0,0.007118358894713001,0.22,77/191,22.65%,IFNG;EGF;IL12B;EDN1;PRKN;PDCD1;CD40LG;IL5;CD80;SLC12A3;FSHB;HNF1A;GDNF;TGFB2;IGFBP2;SGK1;RYR2;CDKAL1;NPHS1;NOS1;PAX4;RYR1;OXT;TG;BMPR1B;EDAR;SLC6A3;NPY4R;MX1;CYP11B2;FGFR3;MEFV;SPHK2;CAMK1D;GP1BA;INSL5;KCNQ2;BARD1;NR4A2;SERPINB2;COL2A1;PAX3;NTF3;HSD11B2;CNTFR;RGS11;CLPS;ABCG4;KCNE2;COQ8A;BTG2;SELENOP;SOX10;CD207;CLDN16;TFF2;C5;PDK2;TSHB;IRS4;ZBTB16;ABCB11;KMT2D;MYH7;PROP1;GP2;MSH5;CCNA1;RSAD2;SNCB;MYO15A;TFAP2B;TENT5C;DCC;CHRNG;SLC5A5;PLAG1
prerank,Estrogen Response Late,0.5574626085356035,1.420715153040132,0.0,0.008200820082008202,0.255,84/194,22.93%,BCL2;CCND1;MAPT;CDH1;CAV1;JAK2;FOS;CD44;TH;RET;CXCL12;CA2;JAK1;MDK;PGR;XBP1;IL6ST;ID2;SGK1;SERPINA1;TOP2A;KLF4;GPER1;METTL3;WFS1;AREG;IL17RB;PRLR;AGR2;SCARB1;PDCD4;IGFBP4;FGFR3;PTPN6;CDC20;GAL;SLC7A5;IDH2;CDC6;CISH;ARL3;CPE;S100A9;MYB;ASCL1;KRT19;SERPINA3;DUSP2;FLNB;AFF1;TMPRSS3;NXT1;CD9;RBBP8;LTF;SLC1A4;SCNN1A;NMU;NCOR2;BAG1;XRCC3;TFF1;ZFP36;OLFM1;TFF3;UNC13B;PLXNB1;HMGCS2;BATF;TFPI2;CALCR;PTGES;CCNA1;RNASEH2A;NRIP1;FOXC1;RPS6KA2;RABEP1;TNNC1;TIAM1;PLK4;MICB;TFAP2C;CLIC3
prerank,Androgen Response,0.5706670671803944,1.4203341166072962,0.002,0.00797301952417464,0.255,38/97,19.90%,AKT1;CCND1;PTK2B;B2M;CDK6;SGK1;KLK3;STK39;CAMKK2;BMPR1B;HMGCR;AZGP1;LMAN1;SCD;SRF;CCND3;MAF;NDRG1;TMPRSS2;LIFR;ACTN1;KRT19;XRCC6;SELENOP;FADS1;RAB4A;XRCC5;ITGAV;MERTK;APPBP2;IQGAP2;KLK2;GSR;VAPA;INSIG1;H1-0;UBE2I;PLPP1
prerank,mTORC1 Signaling,0.5583475827013905,1.4165219858317584,0.0,0.00791971089000792,0.26,79/196,18.49%,GSK3B;CDKN1A;SLC2A1;CXCR4;LDLR;HK2;HSPA5;NAMPT;SQSTM1;PDK1;TBK1;HSPA4;IDH1;XBP1;DDIT3;ACTR2;ACTR3;LDHA;RPA1;PLK1;TFRC;IGFBP5;ADIPOR2;MCM4;TRIB3;GAPDH;G6PD;ACACA;EIF2S2;AURKA;HSPD1;HMGCR;CALR;ATP2A2;CDC25A;SCD;ITGB2;UFM1;MCM2;PPA1;SLC7A5;EGLN3;PGK1;DDIT4;SLC7A11;ENO1;VLDLR;MAP2K3;BUB1;CANX;COPS5;FADS2;SSR1;FGL2;SLC2A3;HSP90B1;BTG2;HSPA9;FADS1;ACLY;GCLC;TOMM40;AK4;PRDX1;POLR3G;EDEM1;CD9;SLC1A4;STIP1;ERO1A;GPI;LGMN;GSR;WARS1;RAB1A;NFKBIB;STC1;CTH;INSIG1
prerank,Adipogenesis,0.5471316744608465,1.3946165290493033,0.001,0.009974681678694185,0.32,79/194,24.76%,ADIPOQ;LEP;PPARG;APOE;LPL;RETN;STAT5A;CAT;SOD1;UCP2;FABP4;ABCA1;ANGPT1;IDH1;LIPE;ALDH2;C3;ADIPOR2;ANGPTL4;BCL6;PFKFB3;CHUK;SCARB1;GPX4;PDCD4;SDHB;PLIN2;SSPN;MRAP;SUCLG1;PEX14;AIFM1;POR;GADD45A;DGAT1;SDHC;ESRRA;LIFR;GPHN;UQCR10;IFNGR1;GHITM;ACLY;CHCHD10;DECR1;CD36;VEGFB;CS;COX8A;CMPK1;CIDEA;GPAM;GPX3;CYC1;SNCG;BCKDHA;PHYH;ENPP2;CAVIN1;EPHX2;MDH2;SLC1A5;UBQLN1;MGLL;CDKN2C;SLC27A1;MYLK;SCP2;NDUFAB1;CCNG2;FZD4;GBE1;ADCY6;DDT;COQ9;ACADS;ACADM;ELOVL6;MGST3
prerank,Pperoxisome,0.5506709881250316,1.3668808510850354,0.006,0.013642389880013641,0.428,34/104,14.13%,ALB;CAT;SOD1;ESR2;SOD2;HRAS;IDH1;IDE;ABCB1;PEX6;ABCC8;TOP2A;DLG4;CDK7;BCL10;MSH2;NR1I2;TTR;IDH2;FIS1;PEX14;ALDH1A1;CNBP;STS;ERCC3;GSTK1;HSD11B2;ATXN1;SIAH1;PEX5;FADS1;PABPC1;PRDX1;PRDX5
prerank,Spermatogenesis,0.5358242314686045,1.3591877066409215,0.006,0.014576457645764576,0.457,46/131,20.81%,MTOR;SIRT1;POMC;EZH2;CDK1;ACE;BRAF;ADCYAP1;NF2;IDE;DMC1;NOS1;CFTR;AURKA;AGFG1;CSNK2A2;GAD1;LPIN1;DBF4;SCG5;GPR182;ALOX15;BUB1;NEK2;PRM2;IL12RB2;CLGN;CDKN3;PARP2;CAMK4;OAZ3;PAPOLB;DMRT1;IL13RA2;ODF1;SYCP1;SLC12A2;SLC2A5;CCNA1;GFI1;TNP2;GAPDHS;PACRG;PEBP1;ADAD1;TOPBP1
prerank,Estrogen Response Early,0.5326774114075863,1.3576656964463685,0.001,0.014562431852941392,0.462,58/194,18.73%,BCL2;MYC;IGF1R;CCND1;MAPT;JAK2;AR;FOS;SLC2A1;CD44;GJA1;FASN;RET;MUC1;CXCL12;PGR;TGM2;XBP1;IL6ST;KLF4;GAB2;WFS1;HES1;AREG;IL17RB;SCARB1;IGFBP4;SLC7A5;CISH;STC2;PMAIP1;RARA;ARL3;MYB;FHL2;KRT19;AQP3;FLNB;KRT18;AFF1;TMPRSS3;RASGRP1;NXT1;GFRA1;RBBP8;SLC1A4;SCNN1A;NCOR2;BAG1;TFF1;OLFM1;DEPTOR;TFF3;MLPH;MREG;DLC1;CALCR;PTGES
prerank,Protein Secretion,0.5274465814493513,1.3148777180887528,0.033,0.022835616895022837,0.612,34/96,19.44%,MAPK1;EGFR;SOD1;ABCA1;DNM1L;IGF2R;AP2B1;BNIP3;RAB5A;GNAS;SNAP23;LMAN1;ARF1;ADAM10;CAV2;SSPN;OCRL;LAMP2;STX16;ARFGEF2;SEC31A;KRT18;TSPAN8;TMED2;ZW10;VAMP4;COG2;GOSR2;GBF1;AP1G1;PAM;ARFGEF1;GOLGA4;AP3B1
prerank,Myc Targets V1,0.5049714495568404,1.2882833527410749,0.005,0.030886809611193677,0.736,99/193,30.18%,MYC;CDK2;CDK4;PCNA;CCNA2;LDHA;CUL1;YWHAQ;MCM4;EIF4E;HDAC2;TARDBP;EIF2S2;HSPD1;VDAC1;IARS1;CDC45;RPS6;CDC20;MAD2L1;MCM6;RACK1;MCM2;MCM5;HDGF;ODC1;NPM1;PGK1;EIF2S1;GLO1;CNBP;RAN;RANBP1;CANX;NHP2;COPS5;MCM7;TRIM28;PHB2;XRCC6;TFDP1;PABPC1;SRSF1;HNRNPA2B1;SF3A1;RAD23B;G3BP1;YWHAE;RUVBL2;PSMD8;LSM2;KPNA2;APEX1;CYC1;EIF4A1;DEK;HNRNPA1;ACP1;FBL;C1QBP;NOLC1;RPS2;PTGES3;XPO1;BUB3;NME1;HSPE1;H2AZ1;HSP90AB1;NDUFAB1;IFRD1;RPS10;U2AF1;AIMP2;HNRNPD;TXNL4A;ILF2;UBA2;EEF1B2;RPLP0;SNRPD1;USP1;HNRNPU;TYMS;HPRT1;GOT2;TUFM;SSBP1;SSB;RFC4;TRA2B;PSMA6;LSM7;PRDX3;PA2G4;PPIA;CAD;UBE2L3;PABPC4
prerank,Glycolysis,0.49999463197233873,1.2736790629647141,0.006,0.03552627990071734,0.789,66/196,20.85%,VEGFA;EGFR;IRS2;IGFBP3;PKM;CD44;SOD1;CXCR4;HK2;HSPA5;CDK1;TXN;IDH1;SOX9;LDHA;DCN;AGRN;MIF;ANG;ANGPTL4;G6PD;MET;AURKA;TGFA;B3GAT1;SDC1;EGLN3;STC2;PGK1;DDIT4;NT5E;ENO1;VLDLR;SDHC;IL13RA1;ENO2;GFPT1;GCLC;SDC2;AK4;XYLT2;EXT2;ADORA2B;FBP2;BIK;MERTK;VCAN;ERO1A;COG2;CITED2;TFF3;CASP6;PC;ARTN;STMN1;GPC3;STC1;CTH;MDH2;PAM;ARPP19;PHKA2;SPAG4;GAPDHS;SLC16A3;GLRX
prerank,Myc Targets V2,0.49883082941308854,1.211539505545986,0.128,0.07396295185074063,0.964,21/55,29.71%,MYC;CDK4;HK2;PLK1;MCM4;HSPD1;MCM5;NPM1;DUSP2;TBRG4;EXOSC5;NOLC1;TFB2M;HSPE1;PLK4;SUPV3L1;AIMP2;PRMT3;PA2G4;FARSA;SORD
prerank,Fatty Acid Metabolism,0.4702343776174735,1.189039251730259,0.065,0.09453119224965975,0.984,58/154,24.10%,PPARA;HSP90AA1;FASN;CA2;GAD2;IDH1;LGALS1;LDHA;CD1D;MIF;ADIPOR2;GLUL;BMPR1B;PCBD1;CPT1A;NBN;ODC1;XIST;SUCLG1;ALDH1A1;FABP1;SDHC;CYP1A1;ENO2;MAOA;SDHD;HSD17B10;PRDX6;DECR1;CD36;CIDEA;RDH16;AQP7;PDHA1;APEX1;RAP1GDS1;ACSL5;GABARAPL1;HMGCS2;G0S2;ADH1C;MDH2;ACOT2;SDHA;MGLL;GAPDHS;AADAT;ACSL1;H2AZ1;S100A10;KMT5A;AOC3;FABP2;TDO2;ACSL4;ACADS;D2HGDH;ACADM
prerank,Mitotic Spindle,0.45277886340450446,1.1510463737300807,0.108,0.14207803759099316,0.999,99/193,33.74%,CDC42;CDK1;ABL1;BRCA2;BCR;PKD2;NF1;APC;BCL2L11;TSC1;PLK1;ARF6;TOP2A;AURKA;PXN;ROCK1;RICTOR;WASL;RASA1;HDAC6;NOTCH2;BCAR1;WASF2;ARHGEF2;LATS1;CD2AP;EZR;PAFAH1B1;SOS1;ALS2;BUB1;NEK2;MAP3K11;MID1;CTTN;RAB3GAP1;FLNB;BIRC5;DOCK2;ESPL1;VCL;FLNA;DLG1;YWHAE;LMNB1;CYTH2;KIF15;CCDC88A;TPX2;SMC3;MYH9;ARHGDIA;ARFGEF1;WASF1;ARHGEF7;NIN;CLIP1;SEPTIN9;ABI1;NCK1;TIAM1;GSN;NDC80;TTK;KIFAP3;BIN1;KIF11;DLGAP5;ACTN4;CCNB2;KIF3B;SUN2;KATNA1;KIF2C;SASS6;RALBP1;RFC1;AKAP13;FSCN1;PCNT;KIF3C;STAU1;DOCK4;MARK4;SMC1A;PRC1;ECT2;SAC3D1;ALMS1;EPB41;SSH2;PDLIM5;TBCD;SYNPO;CSNK1D;NEDD9;MARCKS;ATG4B;RHOT2
prerank,heme Metabolism,0.44677694829582304,1.1412548939812166,0.103,0.1538903890389039,1.0,57/196,20.51%,SNCA;FOXO3;SLC2A1;CAT;UCP2;CA2;ADIPOR1;NR3C1;TFRC;C3;HBB;KLF1;CTSB;BSG;TYR;BTRC;EPOR;GATA1;SLC11A2;OPTN;CCND3;HBD;HDGF;SLC7A11;GLRX5;LAMP2;PSMD9;MAP2K3;TOP1;PRDX2;BTG2;GCLC;ABCG2;AQP3;E2F2;RHD;RAD23A;FBXO7;KAT2B;BACH1;SLC22A4;ACKR1;GDE1;LPIN2;PC;HBQ1;SLC30A1;CTNS;RHCE;H1-0;ANK1;SDCBP;BNIP3L;GCLM;IGSF3;FN3K;AHSP
prerank,Oxidative Phosphorylation,0.40667339916204925,1.034847998248095,0.36,0.39599878355182455,1.0,81/188,34.96%,BAX;CYCS;MFN2;IDH1;LDHA;PDK4;CASP7;TIMM10;OPA1;VDAC1;CPT1A;TIMM9;GPX4;SDHB;IDH2;PDP1;SUCLG1;AIFM1;POR;SDHC;GLUD1;PHB2;HSPA9;SDHD;UQCR10;HSD17B10;SLC25A6;DECR1;CS;COX8A;COX4I1;AFG3L2;FXN;PDHA1;GPI;CYC1;MAOB;UQCRC2;BCKDHA;PHYH;ACAT1;NDUFA3;MDH2;TIMM17A;SDHA;UQCRFS1;NDUFS2;NDUFB3;ACADSB;NDUFS1;COX11;NDUFAB1;MTX2;NDUFA8;SUPV3L1;NDUFB8;ACADM;MGST3;MTRR;DLAT;SLC25A5;COX6B1;ISCU;GOT2;HTRA2;FDX1;PRDX3;PDHX;UQCRH;IMMT;RHOT1;HADHB;DLST;UQCRQ;DLD;ATP6V1G1;RHOT2;VDAC2;NDUFA9;TCIRG1;ATP1B1
prerank,DNA Repair,0.3828923773389077,0.9644496371643465,0.587,0.5976597659765976,1.0,80/139,44.66%,TP53;PCNA;SMAD5;RAD51;DDB1;RBX1;GPX4;ADA;RALA;ELL;RPA2;ERCC3;RAD52;NELFCD;ERCC2;GTF2F1;TARBP2;NPR2;TMED2;POLD1;CETN2;TAF13;PDE6G;DDB2;SDCBP;FEN1;POLR2C;NME1;DGCR8;GUK1;GTF2B;BOLA2;SF3A3;PDE4B;ADCY6;TAF1C;POLR2E;CANT1;ERCC4;TYMS;HPRT1;MPC2;GTF2H1;RFC4;BCAP31;RNMT;ERCC1;NUDT9;STX3;NELFE;GTF2H5;UMPS;POLL;SAC3D1;NUDT21;TK2;ADRM1;TSG101;UPF3B;POLA2;POLR2J;TAF12;SEC61A1;POLB;SUPT5H;IMPDH2;DAD1;SRSF6;ERCC8;DGUOK;CDA;POLR2K;REV3L;CSTF3;GTF2A2;SUPT4H1;POLD4;CCNO;ZWINT;POLE4
